date,key_rate,cpi_mom,m2,gdp,ipp_yoy,usd_rub,brent,zcyc_0.25y,zcyc_0.5y,zcyc_0.75y,zcyc_1y,zcyc_2y,zcyc_3y,zcyc_5y,zcyc_7y,zcyc_10y,zcyc_15y,zcyc_20y,zcyc_30y,spread_10y_1y,spread_10y_3m,spread_5y_1y,ruonia,spread_ruonia_keyrate,roisfix_1w,roisfix_2w,roisfix_1m,roisfix_2m,roisfix_3m,roisfix_6m,roisfix_1y,roisfix_2y
2013-09-01,5.5,100.21,28499.9,32881.48946791035,,32.3451,111.6,5.9,5.98,6.05,6.11,6.33,6.5,6.83,7.14,7.57,8.13,8.53,9.01,1.46,1.67,0.72,6.53,1.0300000000000002,6.18,6.13,6.06,6.05,6.02,5.96,,
2013-10-01,5.5,100.57,28352.6,33625.99056010294,,32.0613,109.08,5.88,5.93,5.98,6.03,6.26,6.46,6.81,7.11,7.48,7.99,8.41,9.05,1.45,1.6,0.78,6.34,0.8399999999999999,6.13,6.08,6.07,6.06,6.01,5.98,,
2013-11-01,5.5,100.56,28276.4,31808.551904257973,,33.1916,107.79,6.16,6.19,6.24,6.3,6.59,6.86,7.3,7.63,8.02,8.48,8.78,9.14,1.72,1.86,1.0,6.51,1.0099999999999998,6.22,6.16,6.13,6.11,6.07,6.04,,
2013-12-01,5.5,100.51,28873.3,29991.11324841301,,32.7292,110.76,5.93,6.01,6.1,6.18,6.47,6.74,7.25,7.64,7.99,8.33,8.52,8.74,1.81,2.06,1.07,6.24,0.7400000000000002,6.36,6.34,6.26,6.13,6.09,6.09,,
2014-01-01,5.5,100.59,31155.6,28173.674592568044,,35.2448,108.12,6.22,6.34,6.45,6.54,6.93,7.36,7.98,8.31,8.54,8.75,8.89,9.07,2.0,2.32,1.44,6.29,0.79,6.25,6.28,6.39,6.45,6.47,6.51,,
2014-02-01,5.5,100.7,29861.2,28938.21688422752,,36.0501,108.9,5.76,5.97,6.17,6.35,7.0,7.5,8.03,8.27,8.47,8.66,8.77,8.87,2.12,2.71,1.68,6.32,0.8200000000000003,6.24,6.24,6.3,6.36,6.41,6.43,,
2014-03-01,7.0,101.02,30169.0,29702.75917588699,,35.6871,107.48,6.3,6.63,6.93,7.18,7.84,8.11,8.45,8.7,8.92,9.04,9.07,9.09,1.74,2.62,1.27,8.15,1.1500000000000004,8.06,8.15,8.28,8.3,8.33,8.39,,
2014-04-01,7.5,100.9,29519.3,30467.301467546466,,35.6983,107.76,6.81,7.08,7.35,7.63,8.56,8.95,9.27,9.42,9.58,9.69,9.74,9.77,1.95,2.77,1.64,8.69,1.1899999999999995,8.54,8.62,8.79,8.86,8.94,9.01,,
2014-05-01,7.5,100.9,29879.2,30922.84119085033,,34.7352,109.54,7.18,7.53,7.77,7.93,8.22,8.33,8.41,8.51,8.7,8.84,8.86,8.8,0.77,1.52,0.48,8.19,0.6899999999999995,8.15,8.24,8.51,8.54,8.62,8.69,,
2014-06-01,7.5,100.62,29890.8,31378.3809141542,,33.6306,111.8,7.65,7.75,7.83,7.89,8.06,8.15,8.24,8.32,8.48,8.62,8.69,8.74,0.59,0.83,0.35,8.63,1.1300000000000008,8.27,8.27,8.35,8.39,8.4,8.46,,
2014-07-01,8.0,100.49,30071.8,31833.920637458064,,35.7271,106.77,8.33,8.49,8.63,8.76,9.2,9.43,9.53,9.5,9.46,9.46,9.49,9.54,0.7,1.13,0.77,8.1,0.0999999999999996,8.81,8.86,8.92,9.03,9.08,9.1,,
2014-08-01,8.0,100.24,30178.3,32535.37715877754,,36.9316,101.61,8.4,8.65,8.85,9.01,9.48,9.81,9.95,9.87,9.8,9.77,9.77,9.77,0.79,1.4,0.94,8.11,0.1099999999999994,8.24,8.38,8.62,8.82,8.92,9.05,,
2014-09-01,8.0,100.65,30338.7,33236.833680097014,,39.3866,97.09,8.26,8.44,8.59,8.72,9.09,9.33,9.48,9.45,9.4,9.33,9.29,9.24,0.68,1.14,0.76,8.08,0.08,8.18,8.39,8.54,8.75,8.85,9.0,,
2014-10-01,8.0,100.82,30297.6,33938.290201416494,,43.3943,87.43,8.77,9.08,9.33,9.53,10.01,10.14,10.09,10.0,9.97,9.96,9.92,9.84,0.44,1.2,0.56,9.06,1.0600000000000005,9.01,9.13,9.25,9.32,9.45,9.55,,
2014-11-01,9.5,101.28,29831.2,31873.42096907801,,49.322,79.44,9.79,9.94,10.08,10.22,10.63,10.79,10.79,10.68,10.54,10.34,10.2,10.04,0.32,0.75,0.57,10.69,1.1899999999999995,10.34,10.38,10.54,10.68,10.77,10.76,,
2014-12-01,17.0,102.62,30141.9,29808.551736739537,,56.2584,62.34,12.74,13.1,13.5,13.9,15.14,15.51,15.13,14.31,13.15,11.83,11.04,10.23,-0.75,0.41,1.23,17.39,0.3900000000000005,19.66,20.54,21.82,21.79,21.05,19.98,,
2015-01-01,17.0,103.85,31615.7,27743.68250440106,101.3,68.9291,47.76,13.94,14.16,14.37,14.56,15.01,15.06,14.7,14.14,13.31,12.18,11.37,10.39,-1.25,-0.63,0.14,16.63,-0.370000000000001,17.55,18.2,19.27,19.2,18.55,17.94,,
2015-02-01,15.0,102.22,31033.5,28337.849767651027,99.8,61.2718,58.1,13.59,13.55,13.57,13.68,14.28,14.52,14.33,13.79,12.93,11.82,11.08,10.21,-0.75,-0.66,0.65,15.49,0.4900000000000002,15.41,15.56,15.21,14.89,14.76,14.51,,
2015-03-01,14.0,101.21,31224.9,28932.017030901,101.9,58.4643,55.89,12.15,12.2,12.26,12.3,12.45,12.49,12.36,12.2,12.06,11.75,11.33,10.45,-0.24,-0.09,0.06,14.66,0.6600000000000001,14.68,14.64,14.48,14.63,14.34,13.94,,
2015-04-01,14.0,100.46,31028.4,29526.184294150968,99.4,51.7029,59.52,10.53,10.5,10.51,10.54,10.78,10.96,10.98,10.84,10.67,10.3,9.88,9.09,0.13,0.14,0.44,14.45,0.4499999999999993,14.07,13.84,13.5,13.2,12.9,12.65,,
2015-05-01,12.5,100.35,31696.9,30115.046527190385,99.0,52.9716,64.08,10.19,10.3,10.43,10.54,10.84,10.84,10.75,10.66,10.52,10.22,9.86,9.18,-0.02,0.33,0.21,13.19,0.6899999999999995,12.91,12.85,12.54,12.42,12.14,11.61,,
2015-06-01,11.5,100.19,31820.4,30703.9087602298,100.1,55.524,61.48,10.12,10.21,10.32,10.43,10.84,11.05,11.15,11.11,10.99,10.61,10.17,9.37,0.56,0.87,0.72,12.4,0.9000000000000004,12.09,12.02,12.0,11.84,11.63,11.4,,
2015-07-01,11.5,100.8,31936.3,31292.77099326922,100.2,58.9906,56.56,9.09,9.51,9.86,10.13,10.63,10.74,10.86,10.88,10.7,10.17,9.7,9.11,0.57,1.61,0.73,11.19,-0.3100000000000005,11.5,11.62,11.49,11.38,11.32,11.1,,
2015-08-01,11.0,100.35,32046.0,31993.922745178606,100.7,66.4779,46.52,9.88,10.38,10.78,11.1,11.77,11.91,11.85,11.72,11.51,11.26,11.1,10.92,0.41,1.63,0.75,11.04,0.0399999999999991,11.22,11.22,11.31,11.24,11.21,11.14,,
2015-09-01,11.0,100.57,32257.3,32695.074497088,100.5,66.2367,47.62,9.24,10.09,10.6,10.9,11.24,11.34,11.35,11.28,11.15,11.05,11.0,10.96,0.25,1.91,0.45,11.45,0.4499999999999993,11.5,11.47,11.4,11.34,11.29,11.22,,
2015-10-01,11.0,100.74,32052.5,33396.22624899738,100.2,64.3742,48.43,8.98,9.87,10.23,10.35,10.25,10.18,10.14,10.12,10.07,10.04,10.03,10.03,-0.28,1.09,-0.21,11.46,0.4600000000000008,11.14,11.07,11.07,11.02,10.93,10.9,,
2015-11-01,11.0,100.75,32161.0,31493.00687726512,100.8,66.2393,44.27,8.93,9.69,10.08,10.26,10.35,10.23,10.0,9.85,9.77,9.73,9.73,9.73,-0.49,0.84,-0.26,11.32,0.3200000000000003,11.25,11.23,11.2,11.12,11.03,10.92,,
2015-12-01,11.0,100.77,32743.4,29589.787505532844,99.0,72.8827,38.01,9.05,9.67,10.01,10.17,10.14,9.97,9.78,9.69,9.56,9.47,9.43,9.4,-0.61,0.51,-0.39,10.52,-0.4800000000000004,11.07,11.1,11.14,11.04,10.98,10.88,,
2016-01-01,11.0,100.96,35179.7,27686.56813380057,99.1,75.1723,30.7,8.91,9.52,9.86,10.05,10.25,10.28,10.26,10.21,10.15,10.13,10.14,10.16,0.1,1.24,0.21,11.07,0.0700000000000002,11.12,11.08,11.04,11.02,11.02,10.95,,
2016-02-01,11.0,100.63,33935.0,28331.42180620349,102.0,75.0903,32.18,9.15,9.48,9.6,9.64,9.65,9.68,9.73,9.7,9.59,9.51,9.49,9.49,-0.05,0.44,0.09,10.93,-0.0700000000000002,10.88,10.88,10.88,10.85,10.85,10.82,,
2016-03-01,11.0,100.46,34309.6,28976.2754786064,100.9,67.6076,38.21,9.85,9.95,9.95,9.88,9.48,9.28,9.13,9.08,9.04,9.01,9.0,8.98,-0.84,-0.81,-0.75,11.29,0.2899999999999991,10.81,10.79,10.76,10.7,10.64,10.62,10.38,
2016-04-01,11.0,100.44,34688.8,29621.12915100931,99.8,64.3334,41.58,9.89,9.78,9.68,9.6,9.39,9.24,8.99,8.86,8.82,8.78,8.75,8.71,-0.78,-1.07,-0.61,11.09,0.0899999999999998,10.79,10.78,10.75,10.71,10.67,10.59,10.38,
2016-05-01,11.0,100.41,35103.6,30184.50796977577,100.4,66.0825,46.74,10.03,9.91,9.8,9.71,9.47,9.33,9.13,8.98,8.81,8.7,8.65,8.62,-0.9,-1.22,-0.58,11.24,0.2400000000000002,10.82,10.79,10.7,10.65,10.65,10.55,10.33,
2016-06-01,10.5,100.36,35642.9,30747.88678854223,101.1,64.2575,48.25,10.06,9.91,9.78,9.66,9.26,8.95,8.54,8.33,8.25,8.25,8.27,8.29,-1.41,-1.81,-1.12,10.41,-0.0899999999999998,10.44,10.43,10.38,10.36,10.34,10.27,10.05,
2016-07-01,10.5,100.54,35856.9,31311.265607308687,100.4,67.0512,44.95,9.85,9.71,9.58,9.46,9.11,8.91,8.65,8.51,8.46,8.53,8.63,8.76,-1.0,-1.39,-0.81,10.34,-0.1600000000000001,10.28,10.33,10.3,10.3,10.25,10.17,9.98,
2016-08-01,10.5,100.01,36031.2,32066.21049143087,102.2,64.9072,45.84,9.18,9.12,9.06,9.01,8.83,8.68,8.43,8.27,8.17,8.22,8.34,8.59,-0.84,-1.01,-0.58,10.3,-0.1999999999999993,10.26,10.25,10.25,10.18,10.13,10.09,9.95,
2016-09-01,10.0,100.17,36145.6,32821.155375553055,102.5,63.1581,46.57,9.71,9.38,9.14,8.96,8.58,8.46,8.34,8.25,8.18,8.15,8.15,8.15,-0.78,-1.53,-0.62,10.55,0.5500000000000007,10.09,10.09,10.07,10.04,10.02,9.98,9.88,
2016-10-01,10.0,100.43,36148.8,33576.10025967524,103.0,62.9037,49.52,9.84,9.45,9.18,8.99,8.7,8.71,8.73,8.71,8.68,8.67,8.68,8.7,-0.31,-1.16,-0.26,10.36,0.3599999999999994,10.22,10.21,10.2,10.19,10.17,10.1,9.99,
2016-11-01,10.0,100.44,36051.1,31733.86718441509,105.2,64.9449,44.73,9.1,9.04,8.99,8.95,8.85,8.84,8.85,8.86,8.87,8.93,8.98,9.02,-0.08,-0.23,-0.1,10.09,0.0899999999999998,10.13,10.14,10.15,10.13,10.13,10.09,10.06,
2016-12-01,10.0,100.4,36433.0,29891.634109154948,103.9,60.6569,53.31,8.34,8.4,8.44,8.45,8.36,8.3,8.3,8.35,8.45,8.61,8.75,8.95,0.0,0.11,-0.15,10.5,0.5,10.11,10.08,10.03,10.03,10.05,10.0,9.92,
2017-01-01,10.0,100.62,38417.7,28049.401033894803,106.6,60.1618,54.58,9.19,9.02,8.86,8.71,8.28,8.1,8.01,8.07,8.26,8.54,8.74,8.97,-0.45,-0.93,-0.7,10.24,0.2400000000000002,10.06,10.06,10.04,10.02,9.99,9.9,9.71,
2017-02-01,10.0,100.22,38017.1,28804.54780255817,101.6,57.9371,54.87,9.8,9.51,9.27,9.08,8.62,8.43,8.32,8.31,8.34,8.41,8.45,8.47,-0.74,-1.46,-0.76,10.0,0.0,10.11,10.1,10.07,10.09,10.07,10.0,9.78,
2017-03-01,9.75,100.13,38462.6,29559.69457122154,103.6,56.3779,51.59,9.53,9.3,9.1,8.92,8.4,8.15,7.94,7.91,7.98,8.12,8.22,8.32,-0.94,-1.55,-0.98,9.82,0.0700000000000002,9.85,9.84,9.82,9.8,9.74,9.67,9.48,
2017-04-01,9.75,100.33,38555.5,30314.841339884908,104.3,56.9838,52.31,8.5,8.42,8.36,8.3,8.09,7.92,7.69,7.61,7.67,7.95,8.26,8.75,-0.63,-0.83,-0.61,9.71,-0.0399999999999991,9.68,9.61,9.57,9.52,9.47,9.39,9.17,
2017-05-01,9.25,100.37,38664.1,30922.359854776165,106.3,56.5168,50.33,8.56,8.48,8.41,8.34,8.16,8.02,7.83,7.72,7.71,7.91,8.22,8.87,-0.63,-0.85,-0.51,9.15,-0.0999999999999996,9.19,9.19,9.14,8.99,8.9,8.76,8.49,
2017-06-01,9.0,100.61,39223.2,31529.87836966741,105.5,59.0855,46.37,8.11,8.09,8.07,8.06,8.01,7.96,7.85,7.78,7.78,7.98,8.25,8.82,-0.28,-0.33,-0.21,9.09,0.0899999999999998,8.97,8.94,8.93,8.9,8.85,8.79,8.56,
2017-07-01,9.0,100.07,39623.1,32137.396884558675,104.6,59.5436,48.48,8.07,8.05,8.04,8.04,8.04,8.03,7.95,7.88,7.85,7.99,8.22,8.77,-0.19,-0.22,-0.09,9.24,0.2400000000000002,8.96,8.95,8.95,8.92,8.87,8.78,8.62,
2017-08-01,9.0,99.46,39276.3,32733.453775852453,105.1,58.7306,51.7,7.88,7.86,7.84,7.82,7.77,7.73,7.7,7.7,7.76,8.0,8.3,8.93,-0.06,-0.12,-0.12,8.71,-0.2899999999999991,8.73,8.74,8.76,8.75,8.71,8.63,8.54,
2017-09-01,8.5,99.85,39419.7,33329.51066714623,104.0,58.0169,56.15,7.72,7.67,7.63,7.61,7.59,7.59,7.57,7.58,7.65,7.9,8.22,8.89,0.04,-0.07,-0.04,8.49,-0.0099999999999997,8.31,8.29,8.3,8.28,8.28,8.25,8.19,
2017-10-01,8.25,100.2,39572.4,33925.56755844001,102.3,57.8716,57.51,7.65,7.6,7.57,7.54,7.49,7.48,7.49,7.52,7.61,7.87,8.2,8.89,0.07,-0.04,-0.05,8.02,-0.2300000000000004,7.97,7.96,7.96,7.93,7.89,7.89,7.84,
2017-11-01,8.25,100.22,39667.7,32206.52487957149,101.1,58.3311,62.71,7.23,7.23,7.24,7.24,7.28,7.33,7.43,7.52,7.65,7.93,8.25,8.88,0.41,0.42,0.19,8.24,-0.0099999999999997,7.94,7.94,7.9,7.86,7.85,7.8,7.75,
2017-12-01,7.75,100.42,40114.5,30487.482200702987,100.3,57.6002,64.37,6.46,6.51,6.57,6.62,6.84,6.98,7.18,7.36,7.64,8.09,8.53,9.28,1.02,1.18,0.56,7.19,-0.5599999999999996,7.54,7.55,7.55,7.54,7.54,7.52,7.48,
2018-01-01,7.75,100.31,42442.2,28768.43952183448,102.7,56.2914,69.08,6.7,6.72,6.74,6.75,6.78,6.81,6.94,7.11,7.34,7.7,8.02,8.58,0.59,0.64,0.19,7.12,-0.6299999999999999,7.18,7.18,7.17,7.12,7.09,7.07,7.02,
2018-02-01,7.5,100.21,41598.1,29559.703657020367,103.2,55.6717,65.32,6.14,6.18,6.22,6.26,6.4,6.49,6.67,6.86,7.13,7.56,7.95,8.61,0.87,0.99,0.41,7.5,0.0,7.19,7.19,7.13,7.01,6.92,6.78,6.67,
2018-03-01,7.25,100.29,42046.2,30350.96779220626,102.7,57.2649,66.02,5.99,6.03,6.07,6.12,6.27,6.39,6.61,6.83,7.14,7.6,8.0,8.64,1.02,1.15,0.49,7.19,-0.0599999999999996,7.06,7.05,7.01,6.95,6.89,6.76,6.65,
2018-04-01,7.25,100.38,42376.2,31142.23192739215,103.2,61.9997,72.11,6.22,6.27,6.34,6.4,6.6,6.71,6.93,7.14,7.37,7.73,8.05,8.58,0.97,1.15,0.53,7.07,-0.1799999999999997,7.06,7.05,7.05,7.05,7.06,7.04,7.03,
2018-05-01,7.25,100.38,43122.6,31756.119630068413,103.5,62.5937,76.98,6.5,6.56,6.62,6.67,6.81,6.9,7.07,7.24,7.49,7.84,8.1,8.45,0.82,0.99,0.4,7.1,-0.1500000000000003,7.06,7.05,7.05,7.06,7.06,7.05,7.03,
2018-06-01,7.25,100.49,43258.0,32370.00733274468,102.1,62.7565,74.4,6.62,6.7,6.77,6.83,7.06,7.25,7.51,7.67,7.81,7.88,7.87,7.81,0.98,1.19,0.68,7.16,-0.0899999999999998,7.06,7.06,7.06,7.08,7.07,7.11,7.13,
2018-07-01,7.25,100.27,44126.7,32983.895035420945,103.5,62.7805,74.25,6.95,6.99,7.04,7.08,7.25,7.37,7.52,7.64,7.81,7.95,8.02,8.07,0.73,0.86,0.44,7.74,0.4900000000000002,7.12,7.11,7.11,7.11,7.11,7.13,7.15,
2018-08-01,7.25,100.01,43911.5,33664.09396654607,102.8,68.0821,72.53,6.96,7.1,7.23,7.37,7.82,8.13,8.51,8.69,8.8,8.81,8.77,8.72,1.43,1.84,1.14,7.14,-0.1100000000000003,7.13,7.16,7.23,7.3,7.36,7.55,7.8,
2018-09-01,7.5,100.16,44370.3,34344.2928976712,102.3,65.5906,78.89,7.02,7.1,7.19,7.27,7.65,7.98,8.36,8.55,8.69,8.73,8.7,8.62,1.42,1.67,1.09,7.4,-0.0999999999999996,7.38,7.39,7.4,7.44,7.54,7.85,8.35,
2018-10-01,7.5,100.35,44254.0,35024.49182879632,105.3,65.7742,81.03,7.4,7.52,7.62,7.72,8.04,8.25,8.49,8.61,8.68,8.7,8.69,8.68,0.96,1.28,0.77,7.06,-0.4400000000000004,7.34,7.37,7.38,7.46,7.54,7.85,8.46,
2018-11-01,7.5,100.5,44219.6,33072.41467003351,104.4,66.6342,64.75,7.55,7.63,7.7,7.77,8.01,8.2,8.49,8.68,8.83,8.91,8.93,8.94,1.06,1.28,0.72,7.5,0.0,7.37,7.37,7.4,7.53,7.58,7.84,8.41,
2018-12-01,7.75,100.84,44892.8,31120.337511270696,106.4,69.4706,57.36,7.12,7.23,7.33,7.45,7.86,8.16,8.51,8.67,8.78,8.84,8.86,8.88,1.33,1.66,1.06,7.07,-0.6799999999999997,7.68,7.63,7.67,7.72,7.77,8.05,8.51,
2019-01-01,7.75,101.01,47109.3,29168.26035250788,102.7,66.0987,59.41,7.62,7.63,7.65,7.68,7.78,7.86,8.0,8.11,8.21,8.29,8.31,8.3,0.53,0.59,0.32,7.62,-0.1299999999999999,7.64,7.64,7.69,7.72,7.79,7.98,8.33,
2019-02-01,7.75,100.44,45723.2,29967.29900994115,104.2,65.757,63.96,7.31,7.37,7.43,7.49,7.73,7.92,8.15,8.29,8.42,8.57,8.63,8.66,0.93,1.11,0.66,7.54,-0.2099999999999999,7.6,7.6,7.63,7.69,7.75,7.95,8.24,
2019-03-01,7.75,100.32,46214.7,30766.337667374417,102.7,64.7347,66.14,7.35,7.4,7.46,7.52,7.75,7.92,8.11,8.24,8.41,8.62,8.73,8.85,0.89,1.06,0.59,7.81,0.0599999999999996,7.58,7.58,7.59,7.6,7.64,7.74,7.86,
2019-04-01,7.75,100.29,46141.4,31565.376324807687,105.2,64.6917,71.23,7.32,7.36,7.41,7.46,7.64,7.77,7.92,8.04,8.23,8.5,8.69,8.91,0.77,0.91,0.46,7.96,0.2099999999999999,7.63,7.64,7.64,7.65,7.68,7.73,7.86,
2019-05-01,7.75,100.34,46437.5,32342.633589710964,101.0,65.0583,71.32,7.3,7.32,7.34,7.35,7.41,7.52,7.71,7.84,7.99,8.18,8.3,8.44,0.64,0.69,0.36,7.89,0.1399999999999996,7.62,7.62,7.63,7.63,7.65,7.67,7.8,
2019-06-01,7.5,100.04,46736.9,33119.89085461424,103.2,63.0756,64.22,6.93,6.97,7.01,7.05,7.18,7.25,7.35,7.41,7.49,7.56,7.59,7.62,0.44,0.56,0.3,7.55,0.0499999999999998,7.47,7.47,7.47,7.49,7.49,7.45,7.45,
2019-07-01,7.25,100.2,47349.4,33897.14811951752,104.3,63.3791,63.92,6.66,6.68,6.71,6.75,6.88,6.97,7.1,7.21,7.39,7.63,7.8,8.0,0.64,0.73,0.35,7.3,0.0499999999999998,7.19,7.18,7.17,7.14,7.13,7.09,7.08,
2019-08-01,7.25,99.76,47352.5,34631.44250326022,103.9,66.4897,59.04,6.69,6.7,6.71,6.72,6.76,6.79,6.89,7.01,7.22,7.48,7.66,7.88,0.5,0.53,0.17,7.13,-0.1200000000000001,7.11,7.08,7.05,7.03,7.03,7.05,7.06,
2019-09-01,7.0,99.84,47586.7,35365.73688700292,105.0,64.4156,62.83,6.56,6.54,6.53,6.53,6.6,6.67,6.8,6.93,7.15,7.47,7.72,8.02,0.62,0.59,0.27,6.89,-0.1100000000000003,6.84,6.84,6.83,6.83,6.82,6.79,6.81,
2019-10-01,6.5,100.13,48267.0,36100.03127074562,104.4,63.8734,59.71,5.97,5.97,5.97,5.97,5.99,6.06,6.24,6.4,6.59,6.81,6.96,7.14,0.62,0.62,0.27,6.6,0.0999999999999996,6.4,6.4,6.4,6.39,6.35,6.31,6.27,
2019-11-01,6.5,100.28,48084.0,33936.50986823259,101.5,64.0817,63.21,6.0,5.9,5.84,5.8,5.83,5.97,6.22,6.4,6.58,6.76,6.85,6.92,0.78,0.58,0.42,6.6,0.0999999999999996,6.44,6.41,6.34,6.27,6.28,6.22,6.19,
2019-12-01,6.25,100.36,49196.9,31772.988465719573,102.6,61.9057,67.22,4.79,4.94,5.08,5.21,5.61,5.82,6.1,6.27,6.41,6.52,6.56,6.6,1.2,1.62,0.89,6.23,-0.0199999999999995,6.07,6.07,6.1,6.12,6.12,6.1,6.12,
2020-01-01,6.25,100.4,51660.3,29609.46706320655,101.6,63.0359,63.65,4.97,5.08,5.18,5.27,5.51,5.67,5.95,6.16,6.36,6.53,6.62,6.7,1.09,1.39,0.68,6.05,-0.2000000000000001,6.1,6.08,6.04,6.0,5.98,5.96,5.98,
2020-02-01,6.0,100.33,50623.2,29491.38879613025,105.1,66.9909,55.66,5.79,5.74,5.7,5.68,5.71,5.84,6.11,6.34,6.6,6.84,6.95,7.04,0.92,0.81,0.43,6.32,0.3200000000000003,5.86,5.87,5.85,5.83,5.8,5.8,5.81,
2020-03-01,6.0,100.55,51314.5,29373.31052905395,102.8,77.7325,32.01,5.42,5.6,5.75,5.89,6.25,6.45,6.61,6.7,6.83,6.97,7.02,7.04,0.94,1.41,0.72,6.24,0.2400000000000002,5.87,5.86,5.87,5.88,5.94,6.38,6.56,
2020-04-01,5.5,100.83,52327.1,29255.23226197765,95.6,73.6894,18.38,5.05,5.08,5.12,5.16,5.31,5.43,5.68,5.9,6.17,6.42,6.56,6.7,1.01,1.12,0.52,5.76,0.2599999999999998,5.59,5.56,5.52,5.45,5.32,5.25,5.22,
2020-05-01,5.5,100.27,52951.7,30426.1171793266,92.3,70.752,29.38,4.34,4.37,4.41,4.45,4.65,4.8,5.09,5.36,5.7,6.03,6.22,6.41,1.25,1.36,0.64,5.47,-0.0300000000000002,5.42,5.41,5.29,5.08,4.88,4.69,4.61,
2020-06-01,4.5,100.22,53067.4,31597.002096675555,93.4,69.9513,40.27,4.09,4.17,4.25,4.32,4.57,4.81,5.27,5.65,6.05,6.44,6.66,6.88,1.73,1.96,0.95,4.38,-0.1200000000000001,4.4,4.37,4.38,4.3,4.26,4.19,4.21,
2020-07-01,4.25,100.35,54392.6,32767.887014024505,94.4,73.3633,43.24,3.89,3.98,4.08,4.17,4.49,4.77,5.26,5.65,6.07,6.47,6.68,6.89,1.9,2.18,1.09,4.26,0.0099999999999997,4.21,4.17,4.16,4.16,4.16,4.15,4.2,
2020-08-01,4.25,99.96,54686.8,33721.61985897882,96.1,74.6382,44.74,4.02,4.06,4.11,4.17,4.46,4.77,5.37,5.83,6.28,6.66,6.84,7.02,2.11,2.26,1.2,4.1,-0.1500000000000003,4.14,4.14,4.14,4.15,4.16,4.18,4.27,
2020-09-01,4.25,99.93,55293.7,34675.352703933124,96.5,79.6845,40.91,4.05,4.12,4.19,4.28,4.64,4.99,5.6,6.03,6.42,6.74,6.89,7.06,2.14,2.37,1.32,4.19,-0.0599999999999996,4.17,4.17,4.17,4.18,4.19,4.22,4.34,
2020-10-01,4.25,100.43,56024.9,35629.08554888744,94.7,79.3323,40.19,4.32,4.33,4.36,4.4,4.65,4.97,5.54,5.98,6.41,6.75,6.91,7.08,2.01,2.09,1.14,4.26,0.0099999999999997,4.17,4.17,4.18,4.19,4.19,4.21,4.3,
2020-11-01,4.25,100.71,55871.1,33721.95304405506,99.0,75.8599,42.69,4.32,4.32,4.33,4.36,4.56,4.83,5.34,5.73,6.15,6.54,6.75,6.96,1.79,1.83,0.98,4.07,-0.1799999999999997,4.16,4.16,4.16,4.15,4.16,4.18,4.23,
2020-12-01,4.25,100.83,56122.6,31814.82053922268,103.7,73.8757,49.99,3.68,3.87,4.05,4.18,4.57,4.91,5.47,5.87,6.27,6.62,6.8,6.96,2.09,2.59,1.29,4.27,0.0199999999999995,4.19,4.2,4.2,4.2,4.22,4.25,4.46,
2021-01-01,4.25,100.67,58652.1,29907.688034390303,98.2,76.2527,54.77,4.22,4.24,4.28,4.35,4.74,5.15,5.78,6.2,6.59,6.93,7.11,7.26,2.24,2.37,1.43,4.43,0.1799999999999997,4.23,4.23,4.23,4.23,4.23,4.28,4.43,
2021-02-01,4.25,100.78,57597.9,30803.89505172857,97.3,74.4373,62.28,4.58,4.6,4.66,4.74,5.21,5.72,6.4,6.76,7.06,7.3,7.42,7.54,2.32,2.48,1.66,4.18,-0.0700000000000002,4.17,4.2,4.22,4.24,4.28,4.43,4.75,
2021-03-01,4.5,100.66,58178.2,31700.10206906684,102.8,75.7023,65.41,4.77,4.86,4.99,5.14,5.73,6.18,6.74,7.03,7.23,7.38,7.45,7.53,2.09,2.46,1.6,4.45,-0.0499999999999998,4.41,4.42,4.58,4.73,4.83,5.07,5.49,
2021-04-01,5.0,100.58,58262.6,32596.309086405112,108.8,74.3823,64.81,5.01,5.15,5.28,5.41,5.83,6.18,6.67,6.97,7.21,7.39,7.48,7.56,1.8,2.2,1.26,4.84,-0.1600000000000001,4.87,4.88,4.93,5.07,5.21,5.6,6.04,
2021-05-01,5.0,100.74,59205.8,33222.19385826236,112.9,73.587,68.53,5.52,5.66,5.77,5.86,6.13,6.37,6.76,7.02,7.25,7.43,7.51,7.6,1.39,1.73,0.9,4.85,-0.1500000000000003,4.87,4.89,5.05,5.21,5.36,5.66,6.19,
2021-06-01,5.5,100.69,59194.1,33848.07863011961,111.3,72.3723,73.16,5.77,5.96,6.12,6.28,6.72,6.92,7.06,7.12,7.2,7.26,7.28,7.3,0.92,1.43,0.78,5.28,-0.2199999999999997,5.38,5.39,5.52,5.83,6.01,6.45,6.9,
2021-07-01,6.5,100.31,59583.9,34473.963401976864,107.7,73.1388,75.17,6.49,6.52,6.56,6.59,6.7,6.74,6.79,6.84,6.93,7.03,7.08,7.12,0.34,0.44,0.2,6.76,0.2599999999999998,6.3,6.35,6.37,6.45,6.53,6.75,7.0,
2021-08-01,6.5,100.17,59379.7,35565.81122691606,105.4,73.5744,70.75,6.44,6.49,6.54,6.59,6.74,6.81,6.88,6.95,7.1,7.3,7.43,7.57,0.51,0.66,0.29,6.48,-0.0199999999999995,6.35,6.36,6.56,6.65,6.75,6.93,7.12,
2021-09-01,6.75,100.6,59816.9,36657.65905185526,107.8,72.7608,74.49,7.12,7.13,7.14,7.15,7.19,7.21,7.26,7.31,7.42,7.64,7.83,8.11,0.27,0.3,0.11,6.78,0.0300000000000002,6.67,6.71,6.75,6.83,6.93,7.11,7.45,
2021-10-01,7.5,101.11,60606.2,37749.50687679446,108.2,70.52,83.54,7.46,7.79,8.03,8.19,8.44,8.43,8.33,8.25,8.17,8.11,8.07,8.03,-0.02,0.71,0.14,7.35,-0.1500000000000003,7.29,7.31,7.41,7.63,7.83,8.39,9.05,
2021-11-01,7.5,100.96,60813.7,35472.11799513489,107.8,74.9818,81.05,7.86,8.12,8.32,8.46,8.71,8.72,8.58,8.45,8.32,8.22,8.18,8.12,-0.14,0.46,0.12,7.27,-0.2300000000000004,7.39,7.41,7.73,7.99,8.19,8.72,9.15,
2021-12-01,8.5,100.82,62312.5,33194.72911347531,107.5,74.2926,74.17,7.4,7.81,8.04,8.18,8.35,8.4,8.44,8.45,8.44,8.43,8.43,8.44,0.26,1.04,0.26,8.13,-0.3699999999999992,8.38,8.4,8.37,8.53,8.69,9.12,9.44,
2022-01-01,8.5,100.99,66252.9,30917.34023181574,109.1,77.8174,86.51,9.7,9.72,9.72,9.72,9.67,9.65,9.6,9.54,9.42,9.27,9.16,9.03,-0.3,-0.28,-0.12,8.28,-0.2200000000000006,8.44,8.53,9.19,9.6,9.96,10.34,10.74,
2022-02-01,20.0,101.17,65310.3,31074.62144276564,106.6,83.5485,97.13,13.77,13.69,13.58,13.45,13.09,13.11,13.2,13.04,12.52,11.76,11.21,10.46,-0.93,-1.25,-0.25,20.0,0.0,17.83,18.0,20.65,21.96,23.23,24.52,23.98,
2022-03-01,20.0,107.61,66659.7,31231.90265371553,103.6,84.0851,117.25,15.14,14.57,14.09,13.69,12.57,11.92,11.4,11.26,11.23,11.18,11.13,11.07,-2.46,-3.91,-2.29,19.25,-0.75,19.64,20.1,20.76,20.88,21.53,21.35,21.08,
2022-04-01,17.0,101.56,68203.5,31389.18386466542,98.3,71.0237,104.58,13.09,11.62,10.72,10.19,9.68,9.81,10.08,10.22,10.32,10.41,10.47,10.52,0.13,-2.77,-0.11,16.56,-0.4400000000000013,16.16,15.7,15.48,15.23,15.16,14.31,13.0,11.94
2022-05-01,11.0,100.12,68475.3,32079.710232516125,98.7,63.0975,113.34,10.8,10.46,10.24,10.09,9.85,9.78,9.68,9.58,9.48,9.43,9.44,9.46,-0.61,-1.32,-0.41,10.75,-0.25,10.61,10.59,10.52,10.2,9.99,9.89,9.96,10.09
2022-06-01,9.5,99.65,68993.4,32770.23660036683,98.8,51.158,122.71,8.75,8.73,8.71,8.69,8.65,8.67,8.74,8.78,8.79,8.81,8.82,8.83,0.1,0.04,0.05,9.0,-0.5,9.37,9.31,9.28,9.26,9.17,9.13,9.13,9.18
2022-07-01,8.0,99.61,69623.2,33460.76296821753,100.6,61.3101,111.93,7.15,7.12,7.14,7.19,7.51,7.85,8.37,8.67,8.89,9.06,9.15,9.25,1.7,1.74,1.18,8.1,0.0999999999999996,8.0,8.0,8.0,8.0,8.0,8.01,8.27,8.44
2022-08-01,8.0,99.48,70825.4,34649.05954370317,100.9,60.3677,100.45,7.71,7.68,7.68,7.69,7.84,8.05,8.51,8.84,9.11,9.32,9.43,9.56,1.42,1.4,0.82,8.03,0.0299999999999993,7.94,7.92,7.94,7.95,7.96,7.99,8.38,8.53
2022-09-01,7.5,100.05,73333.3,35837.35611918881,98.0,57.413,89.76,8.61,8.64,8.71,8.79,9.21,9.65,10.28,10.61,10.79,10.96,11.05,11.15,2.0,2.18,1.49,7.86,0.3600000000000003,7.58,7.55,7.55,7.58,7.62,7.82,8.2,9.15
2022-10-01,7.5,100.18,75096.8,37025.65269467445,98.5,61.5343,93.33,7.43,7.51,7.61,7.72,8.2,8.64,9.37,9.84,10.18,10.45,10.59,10.75,2.46,2.75,1.65,7.54,0.04,7.5,7.51,7.51,7.54,7.56,7.72,8.01,8.73
2022-11-01,7.5,100.37,75636.5,34898.05103613082,99.8,61.0742,91.42,7.11,7.22,7.33,7.46,7.95,8.41,9.24,9.79,10.2,10.5,10.66,10.85,2.74,3.09,1.78,7.18,-0.3200000000000003,7.5,7.5,7.5,7.52,7.56,7.72,8.05,8.7
2022-12-01,7.5,100.78,76872.2,32770.44937758719,97.8,70.3375,80.92,6.68,6.87,7.06,7.25,7.95,8.52,9.37,9.89,10.31,10.63,10.82,11.04,3.06,3.63,2.12,7.37,-0.1299999999999999,7.5,7.5,7.5,7.53,7.62,7.81,8.13,8.76
2023-01-01,7.5,100.84,82388.0,30642.84771904356,98.0,69.5927,82.5,6.88,7.01,7.15,7.3,7.88,8.43,9.37,10.03,10.59,11.05,11.28,11.53,3.29,3.71,2.07,7.11,-0.3899999999999997,7.38,7.38,7.43,7.47,7.54,7.72,8.09,8.69
2023-02-01,7.5,100.46,82221.7,31449.196297812054,98.8,75.4323,82.58,7.28,7.43,7.58,7.73,8.31,8.82,9.67,10.29,10.87,11.33,11.55,11.79,3.14,3.59,1.94,7.51,0.0099999999999997,7.5,7.5,7.57,7.78,7.85,8.05,8.46,9.2
2023-03-01,7.5,100.37,83955.9,32255.544876580552,101.4,77.0863,78.43,7.77,7.75,7.77,7.83,8.25,8.75,9.66,10.29,10.83,11.24,11.44,11.66,3.0,3.06,1.83,7.25,-0.25,7.49,7.5,7.51,7.56,7.59,7.8,8.3,8.98
2023-04-01,7.5,100.38,84813.1,33061.89345534905,105.2,80.5093,84.64,7.23,7.26,7.33,7.44,7.98,8.58,9.61,10.33,10.93,11.37,11.59,11.85,3.49,3.7,2.17,7.53,0.0300000000000002,7.5,7.5,7.5,7.54,7.57,7.8,8.26,8.73
2023-05-01,7.5,100.31,84636.0,33883.012344348615,107.3,80.6872,75.47,7.62,7.63,7.67,7.74,8.17,8.67,9.61,10.29,10.88,11.36,11.6,11.86,3.14,3.26,1.87,7.37,-0.1299999999999999,7.5,7.5,7.5,7.55,7.6,7.8,8.24,8.71
2023-06-01,7.5,100.37,86197.3,34704.131233348184,106.1,87.0341,74.84,7.51,7.67,7.82,7.98,8.56,9.06,9.94,10.56,11.09,11.55,11.79,12.04,3.11,3.58,1.96,7.45,-0.0499999999999998,7.5,7.52,7.57,7.76,7.87,8.13,8.58,9.27
2023-07-01,8.5,100.63,87276.8,35525.25012234775,106.0,90.9783,80.11,7.82,8.2,8.52,8.77,9.4,9.81,10.44,10.86,11.17,11.38,11.47,11.55,2.4,3.35,1.67,8.42,-0.08,8.47,8.49,8.52,8.57,8.72,9.08,9.53,9.8
2023-08-01,12.0,100.28,88294.0,36678.251140755216,106.6,95.9283,86.15,10.31,10.38,10.45,10.51,10.71,10.86,11.14,11.34,11.47,11.56,11.61,11.68,0.96,1.16,0.63,11.84,-0.1600000000000001,11.96,11.98,11.98,11.98,11.97,11.76,11.4,11.08
2023-09-01,13.0,100.87,90110.9,37831.25215916268,106.7,97.4147,93.72,12.38,12.53,12.58,12.57,12.39,12.24,12.08,12.0,11.93,11.9,11.89,11.88,-0.64,-0.45,-0.49,12.43,-0.5700000000000003,12.84,12.91,13.03,13.19,13.37,13.61,13.35,12.62
2023-10-01,15.0,100.83,90597.3,38984.25317757014,106.3,93.2435,90.6,13.13,13.06,13.0,12.95,12.78,12.61,12.48,12.48,12.5,12.55,12.6,12.66,-0.45,-0.63,-0.47,14.5,-0.5,14.79,14.83,14.92,14.99,15.05,15.3,15.13,14.1
2023-11-01,15.0,101.11,91134.7,36750.78528848955,105.3,88.8841,82.94,13.51,12.17,11.66,11.5,11.56,11.6,11.64,11.69,11.74,11.77,11.78,11.78,0.24,-1.77,0.14,14.91,-0.0899999999999998,15.07,15.08,15.29,15.45,15.63,15.63,14.48,13.14
2023-12-01,16.0,100.73,92546.9,34517.31739940895,103.8,89.6883,77.63,11.73,12.35,12.66,12.78,12.51,12.05,11.75,11.8,11.86,11.84,11.77,11.64,-0.92,0.13,-1.03,15.27,-0.7300000000000004,15.84,15.86,15.9,15.95,16.04,16.29,15.1,13.52
2024-01-01,16.0,100.86,98385.4,32283.84951032836,105.3,89.2887,80.12,13.46,13.39,13.32,13.26,12.87,12.34,11.77,11.6,11.64,12.03,12.54,13.51,-1.62,-1.82,-1.49,16.0,0.0,15.96,15.99,16.0,15.98,15.96,15.77,14.65,13.0
2024-02-01,16.0,100.68,97816.7,33017.0135558875,108.9,91.8692,83.48,13.59,13.6,13.6,13.58,13.28,12.82,12.38,12.28,12.31,12.56,12.96,13.84,-1.27,-1.28,-1.2,15.75,-0.25,15.96,15.99,15.99,15.97,15.94,15.63,14.9,13.31
2024-03-01,16.0,100.39,99422.0,33750.17760144663,104.5,92.366,85.41,15.12,14.87,14.63,14.4,13.65,13.19,12.91,13.0,13.26,13.68,13.97,14.29,-1.14,-1.86,-1.49,15.99,-0.0099999999999997,15.96,16.0,16.0,15.98,15.95,15.96,15.18,13.94
2024-04-01,16.0,100.5,99595.8,34483.34164700577,105.3,91.7791,89.94,14.65,14.61,14.57,14.51,14.2,13.89,13.61,13.56,13.59,13.75,13.91,14.12,-0.92,-1.06,-0.9,15.86,-0.1400000000000005,15.96,15.98,15.98,15.98,16.0,15.98,15.5,14.36
2024-05-01,16.0,100.74,103107.4,35222.50143445937,106.3,89.7869,81.75,15.13,15.37,15.59,15.73,15.81,15.59,15.23,15.06,14.96,14.85,14.78,14.71,-0.77,-0.17,-0.5,16.14,0.1400000000000005,16.09,16.37,16.58,16.71,16.84,17.24,17.48,16.58
2024-06-01,16.0,100.64,102519.1,35961.66122191297,102.8,85.748,82.25,15.89,16.37,16.64,16.76,16.61,16.21,15.63,15.33,15.11,14.93,14.83,14.73,-1.65,-0.78,-1.13,15.66,-0.3399999999999998,15.87,15.92,16.06,16.8,17.39,18.17,19.08,18.24
2024-07-01,18.0,101.14,103557.2,36700.82100936657,104.0,86.33,85.15,16.28,16.8,17.09,17.23,17.09,16.7,16.15,15.87,15.68,15.53,15.44,15.35,-1.55,-0.6,-1.08,17.28,-0.7199999999999989,17.64,17.73,17.87,18.06,18.26,18.86,19.54,18.88
2024-08-01,18.0,100.2,104351.3,38050.80635703656,103.2,91.1868,80.36,17.4,17.92,18.22,18.35,18.11,17.55,16.68,16.18,15.78,15.5,15.37,15.22,-2.57,-1.62,-1.67,18.98,0.9800000000000004,18.02,18.08,18.33,18.77,18.98,19.77,20.05,19.23
2024-09-01,19.0,100.48,106242.7,39400.79170470656,103.0,92.7126,74.02,19.49,19.5,19.48,19.43,19.05,18.52,17.47,16.65,15.85,15.1,14.68,14.24,-3.58,-3.64,-1.96,18.41,-0.5899999999999999,18.85,18.97,19.14,19.4,19.66,20.35,20.59,19.82
2024-10-01,21.0,100.75,107634.8,40750.77705237655,105.5,97.053,75.63,21.72,21.81,21.85,21.83,21.39,20.71,19.26,18.08,16.89,15.83,15.28,14.7,-4.94,-4.83,-2.57,20.57,-0.4299999999999997,20.78,20.89,20.98,21.21,21.81,23.03,23.84,23.16
2024-11-01,21.0,101.43,108947.9,38073.83918727363,103.8,107.7409,74.35,23.22,23.01,22.78,22.53,21.44,20.37,18.61,17.38,16.24,15.27,14.78,14.29,-6.29,-6.98,-3.92,21.09,0.0899999999999998,21.09,21.15,21.66,22.72,23.3,25.08,25.95,24.72
2024-12-01,21.0,101.32,111025.2,35396.901322170714,108.7,101.6797,73.86,18.8,18.75,18.68,18.58,18.06,17.48,16.53,15.87,15.22,14.57,14.22,13.9,-3.36,-3.58,-2.05,20.47,-0.5300000000000011,20.84,20.91,21.1,21.19,21.33,21.79,21.96,20.56
2025-01-01,21.0,101.23,117256.4,32719.9634570678,101.0,98.0062,79.27,18.68,18.54,18.42,18.29,17.86,17.53,17.08,16.81,16.53,16.24,16.08,15.95,-1.76,-2.15,-1.21,20.76,-0.2399999999999984,20.83,20.95,21.07,21.18,21.32,21.78,21.96,20.12
2025-02-01,21.0,100.81,116577.8,33428.57414022253,99.1,87.6967,75.44,19.94,19.57,19.24,18.93,17.94,17.25,16.41,15.94,15.52,15.13,14.93,14.76,-3.41,-4.42,-2.52,21.17,0.1700000000000017,21.09,21.11,21.12,21.16,21.15,21.14,20.88,18.1
2025-03-01,21.0,100.65,117697.6,34137.18482337726,100.2,83.6813,72.73,21.52,20.04,18.98,18.2,16.66,16.11,15.72,15.53,15.33,15.14,15.07,15.05,-2.87,-6.19,-2.48,21.45,0.4499999999999993,21.41,21.38,21.32,21.32,21.37,21.41,20.66,17.57
2025-04-01,21.0,100.4,116499.0,34845.79550653199,101.3,81.5616,68.13,20.33,19.4,18.71,18.19,17.06,16.53,16.04,15.81,15.63,15.49,15.43,15.41,-2.56,-4.7,-2.15,20.74,-0.2600000000000015,20.82,20.83,20.83,20.82,20.77,20.55,19.84,17.77
2025-05-01,21.0,100.43,117537.1,35532.97669532353,101.2,78.6171,64.45,20.04,18.84,18.01,17.42,16.27,15.85,15.58,15.53,15.51,15.46,15.41,15.37,-1.91,-4.53,-1.84,21.03,0.0300000000000011,20.91,20.83,20.7,20.55,20.19,19.83,19.01,16.95
2025-06-01,20.0,100.2,118211.4,36220.15788411506,102.1,78.4685,71.44,17.3,16.45,15.84,15.4,14.62,14.46,14.52,14.6,14.67,14.7,14.71,14.72,-0.73,-2.63,-0.88,20.23,0.2300000000000004,19.97,19.94,19.83,19.09,18.58,18.03,17.21,15.21
2025-07-01,18.0,100.57,119088.7,36907.3390729066,101.5,81.8347,71.04,14.99,14.27,13.88,13.69,13.6,13.72,13.89,13.99,14.05,14.04,14.02,14.04,0.36,-0.94,0.2,18.23,0.2300000000000004,18.39,18.37,18.27,17.71,17.02,16.13,15.23,14.08
2025-08-01,18.0,99.6,120037.2,,101.0,80.3316,67.87,15.5,14.75,14.31,14.06,13.78,13.8,13.88,13.91,13.9,13.84,13.82,13.86,-0.16,-1.6,-0.18,17.75,-0.25,17.82,17.84,17.17,16.81,16.53,15.92,14.64,13.6
2025-09-01,17.0,100.34,121566.9,,101.1,82.8676,67.99,14.47,14.31,14.25,14.25,14.42,14.59,14.8,14.9,14.93,14.92,14.9,14.92,0.68,0.46,0.55,16.99,-0.0100000000000015,16.96,16.96,16.95,16.89,16.81,16.6,15.38,14.29
2025-10-01,16.5,100.5,121260.6,,102.5,80.5037,64.54,12.3,12.76,13.15,13.48,14.38,14.84,15.11,15.02,14.77,14.41,14.2,14.02,1.29,2.47,1.63,16.29,-0.2100000000000008,16.31,16.32,16.32,16.33,16.4,16.32,15.78,14.78
2025-11-01,16.5,100.42,123065.6,,100.4,78.2284,63.8,13.23,13.55,13.81,14.03,14.57,14.78,14.82,14.65,14.33,13.91,13.67,13.48,0.3,1.1,0.79,16.25,-0.25,16.28,16.29,16.23,16.21,16.21,15.9,15.33,14.34
2025-12-01,16.0,100.32,124715.8,,103.7,78.2267,62.54,12.1,12.5,12.84,13.14,13.92,14.3,14.58,14.59,14.44,14.11,13.91,13.79,1.3,2.34,1.44,15.85,-0.1500000000000003,15.98,15.95,15.93,15.9,15.85,15.59,15.09,14.16
2026-01-01,16.0,101.62,129628.7,,99.2,75.7327,66.6,,,,,,,,,,,,,,,,15.83,-0.1699999999999999,15.84,15.85,15.86,15.85,15.79,15.52,14.9,14.32
2026-02-01,15.5,100.73,127856.5,,,77.2736,70.89,,,,,,,,,,,,,,,,15.3,-0.1999999999999993,15.26,15.26,15.13,15.05,15.0,14.9,14.43,13.78
2026-03-01,15.0,,131076.5,,,83.9982,91.66,,,,,,,,,,,,,,,,14.82,-0.1799999999999997,14.87,14.88,14.86,14.73,14.62,14.43,14.21,13.26
